"Name","SamAccountName","LastLogonDate"
"Bill Smith","bill.smith",
"James Tritt","james.tritt",
"Janice Smith","janice.smith",
"Jennifer Sorensen","jennifer.sorensen",
"Julie Lloyd","julie.lloyd",
"Katie Clark","katie.clark",
"Henry Woodward","henry.woodward",
"Kevin Jones","kevin.jones",
"Lee McCrae","lee.mccrae",
"Happy Sunday","happy.sunday",
"Heather Summer","heather.summer",
"Alyssa Jensen","alyssa.jensen",
"Amy Wilcox","amy.wilcox",
"Anthony Edwards","anthony.edwards",
"Andrea Forsythe","andrea.forsythe",
"Benjamin Washington","benjamin.washington",
"Kathy Arnold","kathy.arnold",
"Ted Willams","ted.williams",
"William Trent","william.trent",
"Shanon Tate","shanon.tate",
"Trevor Anderson","trevor.anderson",
"Trisha Hyatt","trisha.hyatt",
"Test user","testuser",
"inactive.user","inactive",
"locked.user","locked",
